species_code,sex_cat,err_src,comp_type,region,iss,species,type,max_age,max_len
10110,female,all,age,goa,223.7924283753845,arrowtooth flounder,flatfish,29,990
10110,female,all,length,goa,3697.2194101709997,arrowtooth flounder,flatfish,29,990
10110,female,hl,age,goa,371.952307224365,arrowtooth flounder,flatfish,29,990
10110,female,hl,length,goa,5230.966963809556,arrowtooth flounder,flatfish,29,990
10110,female,hl_ln,age,goa,371.37057913826794,arrowtooth flounder,flatfish,29,990
10110,female,ln,age,goa,54904.18136331621,arrowtooth flounder,flatfish,29,990
10110,female,ln,length,goa,13885.56339612118,arrowtooth flounder,flatfish,29,990
10110,female,sp,age,goa,619.4760408175877,arrowtooth flounder,flatfish,29,990
10110,male,all,age,goa,141.99892908705604,arrowtooth flounder,flatfish,32,790
10110,male,all,length,goa,1845.1424208380163,arrowtooth flounder,flatfish,32,790
10110,male,hl,age,goa,230.60171438919832,arrowtooth flounder,flatfish,32,790
10110,male,hl,length,goa,2683.615150837935,arrowtooth flounder,flatfish,32,790
10110,male,hl_ln,age,goa,230.1315254705351,arrowtooth flounder,flatfish,32,790
10110,male,ln,age,goa,22782.9232011958,arrowtooth flounder,flatfish,32,790
10110,male,ln,length,goa,6753.840255131147,arrowtooth flounder,flatfish,32,790
10110,male,sp,age,goa,401.3542557301707,arrowtooth flounder,flatfish,32,790
10110,total,all,age,goa,332.313768505789,arrowtooth flounder,flatfish,32,990
10110,total,all,length,goa,4631.1825266214255,arrowtooth flounder,flatfish,32,990
10110,total,hl,age,goa,526.5215724202245,arrowtooth flounder,flatfish,32,990
10110,total,hl,length,goa,6152.957966087001,arrowtooth flounder,flatfish,32,990
10110,total,hl_ln,age,goa,527.6481308946993,arrowtooth flounder,flatfish,32,990
10110,total,ln,age,goa,82014.31276300763,arrowtooth flounder,flatfish,32,990
10110,total,ln,length,goa,20725.742676695845,arrowtooth flounder,flatfish,32,990
10110,total,sp,age,goa,982.5997247478101,arrowtooth flounder,flatfish,32,990
10130,female,all,age,goa,108.36262357186607,flathead sole,flatfish,29,710
10130,female,all,length,goa,1506.9955803713567,flathead sole,flatfish,29,710
10130,female,hl,age,goa,179.77363032192613,flathead sole,flatfish,29,710
10130,female,hl,length,goa,2292.944375407467,flathead sole,flatfish,29,710
10130,female,hl_ln,age,goa,174.05858220494932,flathead sole,flatfish,29,710
10130,female,ln,age,goa,19738.326511771716,flathead sole,flatfish,29,710
10130,female,ln,length,goa,4894.819530417882,flathead sole,flatfish,29,710
10130,female,sp,age,goa,462.06591662214237,flathead sole,flatfish,29,710
10130,male,all,age,goa,89.03194658329747,flathead sole,flatfish,33,700
10130,male,all,length,goa,1201.908696594709,flathead sole,flatfish,33,700
10130,male,hl,age,goa,146.00455354154673,flathead sole,flatfish,33,700
10130,male,hl,length,goa,1720.4922452785368,flathead sole,flatfish,33,700
10130,male,hl_ln,age,goa,141.9221459344229,flathead sole,flatfish,33,700
10130,male,ln,age,goa,19184.959405183436,flathead sole,flatfish,33,700
10130,male,ln,length,goa,4379.2072897906,flathead sole,flatfish,33,700
10130,male,sp,age,goa,380.26867660353713,flathead sole,flatfish,33,700
10130,total,all,age,goa,183.4153112965483,flathead sole,flatfish,33,710
10130,total,all,length,goa,2299.625003186837,flathead sole,flatfish,33,710
10130,total,hl,age,goa,286.8718428238782,flathead sole,flatfish,33,710
10130,total,hl,length,goa,3165.018452323515,flathead sole,flatfish,33,710
10130,total,hl_ln,age,goa,277.2578715031211,flathead sole,flatfish,33,710
10130,total,ln,age,goa,39995.183565620806,flathead sole,flatfish,33,710
10130,total,ln,length,goa,9354.083119351968,flathead sole,flatfish,33,710
10130,total,sp,age,goa,825.4370369689035,flathead sole,flatfish,33,710
10180,female,all,age,goa,88.86356547416969,Dover sole,flatfish,64,750
10180,female,all,length,goa,654.113536179595,Dover sole,flatfish,64,750
10180,female,hl,age,goa,149.59498353951201,Dover sole,flatfish,64,750
10180,female,hl,length,goa,1112.7910381661407,Dover sole,flatfish,64,750
10180,female,hl_ln,age,goa,144.4518290354481,Dover sole,flatfish,64,750
10180,female,ln,age,goa,8705.207080712125,Dover sole,flatfish,64,750
10180,female,ln,length,goa,1776.740955595926,Dover sole,flatfish,64,750
10180,female,sp,age,goa,230.15053370771304,Dover sole,flatfish,64,750
10180,male,all,age,goa,71.84606155649728,Dover sole,flatfish,59,670
10180,male,all,length,goa,654.0705427265882,Dover sole,flatfish,59,670
10180,male,hl,age,goa,122.37397915684993,Dover sole,flatfish,59,670
10180,male,hl,length,goa,992.0765902526974,Dover sole,flatfish,59,670
10180,male,hl_ln,age,goa,120.52990480832916,Dover sole,flatfish,59,670
10180,male,ln,age,goa,13059.857957404301,Dover sole,flatfish,59,670
10180,male,ln,length,goa,2179.5499003527552,Dover sole,flatfish,59,670
10180,male,sp,age,goa,182.29247313221003,Dover sole,flatfish,59,670
10180,total,all,age,goa,150.66034277582858,Dover sole,flatfish,64,750
10180,total,all,length,goa,1179.8295020002447,Dover sole,flatfish,64,750
10180,total,hl,age,goa,244.05414089030205,Dover sole,flatfish,64,750
10180,total,hl,length,goa,1769.4655705647447,Dover sole,flatfish,64,750
10180,total,hl_ln,age,goa,238.87305310981296,Dover sole,flatfish,64,750
10180,total,ln,age,goa,21570.10595745644,Dover sole,flatfish,64,750
10180,total,ln,length,goa,4007.2089500484594,Dover sole,flatfish,64,750
10180,total,sp,age,goa,396.9984143368559,Dover sole,flatfish,64,750
20510,female,all,age,goa,70.89972799014942,sablefish,other,20,1080
20510,female,all,length,goa,456.74823055607897,sablefish,other,20,1080
20510,female,hl,age,goa,101.10637489870287,sablefish,other,20,1080
20510,female,hl,length,goa,707.5753326634791,sablefish,other,20,1080
20510,female,hl_ln,age,goa,100.46323435545483,sablefish,other,20,1080
20510,female,ln,age,goa,3375.6989041503075,sablefish,other,20,1080
20510,female,ln,length,goa,1531.9301020865985,sablefish,other,20,1080
20510,female,sp,age,goa,258.3826369579632,sablefish,other,20,1080
20510,male,all,age,goa,74.69780356554239,sablefish,other,26,940
20510,male,all,length,goa,622.6931121756182,sablefish,other,26,940
20510,male,hl,age,goa,108.00393595806582,sablefish,other,26,940
20510,male,hl,length,goa,952.8570501046356,sablefish,other,26,940
20510,male,hl_ln,age,goa,107.09814318929851,sablefish,other,26,940
20510,male,ln,age,goa,5599.359192888483,sablefish,other,26,940
20510,male,ln,length,goa,2198.784892924023,sablefish,other,26,940
20510,male,sp,age,goa,221.1472726335734,sablefish,other,26,940
20510,total,all,age,goa,109.91063773998704,sablefish,other,26,1080
20510,total,all,length,goa,844.8134088731027,sablefish,other,26,1080
20510,total,hl,age,goa,150.1670550133917,sablefish,other,26,1080
20510,total,hl,length,goa,1182.663660404084,sablefish,other,26,1080
20510,total,hl_ln,age,goa,153.44487865051943,sablefish,other,26,1080
20510,total,ln,age,goa,10716.362854444276,sablefish,other,26,1080
20510,total,ln,length,goa,3795.9008273667646,sablefish,other,26,1080
20510,total,sp,age,goa,438.3164594132378,sablefish,other,26,1080
21720,female,all,age,goa,84.72113849782912,Pacific cod,gadid,12,1100
21720,female,all,length,goa,591.030333262066,Pacific cod,gadid,12,1100
21720,female,hl,age,goa,120.61988872440703,Pacific cod,gadid,12,1100
21720,female,hl,length,goa,849.1402705731919,Pacific cod,gadid,12,1100
21720,female,hl_ln,age,goa,115.22922600910776,Pacific cod,gadid,12,1100
21720,female,ln,age,goa,4686.888767678054,Pacific cod,gadid,12,1100
21720,female,ln,length,goa,2187.5825914447237,Pacific cod,gadid,12,1100
21720,female,sp,age,goa,486.5710871056322,Pacific cod,gadid,12,1100
21720,male,all,age,goa,76.83095695017965,Pacific cod,gadid,14,1050
21720,male,all,length,goa,567.1448392617701,Pacific cod,gadid,14,1050
21720,male,hl,age,goa,110.31472067353668,Pacific cod,gadid,14,1050
21720,male,hl,length,goa,808.6675040283137,Pacific cod,gadid,14,1050
21720,male,hl_ln,age,goa,106.85157277666669,Pacific cod,gadid,14,1050
21720,male,ln,age,goa,4793.577322012221,Pacific cod,gadid,14,1050
21720,male,ln,length,goa,2115.7958644424702,Pacific cod,gadid,14,1050
21720,male,sp,age,goa,456.8261807818601,Pacific cod,gadid,14,1050
21720,total,all,age,goa,105.32738276534276,Pacific cod,gadid,14,1100
21720,total,all,length,goa,783.0081959513805,Pacific cod,gadid,14,1100
21720,total,hl,age,goa,141.4627586225712,Pacific cod,gadid,14,1100
21720,total,hl,length,goa,1012.0929846192147,Pacific cod,gadid,14,1100
21720,total,hl_ln,age,goa,138.04499437721242,Pacific cod,gadid,14,1100
21720,total,ln,age,goa,12888.978222202297,Pacific cod,gadid,14,1100
21720,total,ln,length,goa,4410.869295320614,Pacific cod,gadid,14,1100
21720,total,sp,age,goa,949.3069085973068,Pacific cod,gadid,14,1100
21740,female,all,age,goa,101.19929357461243,walleye pollock,gadid,17,820
21740,female,all,length,goa,452.27094354454795,walleye pollock,gadid,17,820
21740,female,hl,age,goa,117.75348099218384,walleye pollock,gadid,17,820
21740,female,hl,length,goa,521.2515928136073,walleye pollock,gadid,17,820
21740,female,hl_ln,age,goa,115.55174219461777,walleye pollock,gadid,17,820
21740,female,ln,age,goa,12079.138923036446,walleye pollock,gadid,17,820
21740,female,ln,length,goa,4008.312361621013,walleye pollock,gadid,17,820
21740,female,sp,age,goa,1351.4302470125147,walleye pollock,gadid,17,820
21740,male,all,age,goa,80.37660354281086,walleye pollock,gadid,18,990
21740,male,all,length,goa,346.93851077397443,walleye pollock,gadid,18,990
21740,male,hl,age,goa,92.83169652885493,walleye pollock,gadid,18,990
21740,male,hl,length,goa,393.97667874292017,walleye pollock,gadid,18,990
21740,male,hl_ln,age,goa,90.2239434935289,walleye pollock,gadid,18,990
21740,male,ln,age,goa,9652.961478074207,walleye pollock,gadid,18,990
21740,male,ln,length,goa,3160.9562005311836,walleye pollock,gadid,18,990
21740,male,sp,age,goa,1113.440294885719,walleye pollock,gadid,18,990
21740,total,all,age,goa,90.34396167953285,walleye pollock,gadid,18,990
21740,total,all,length,goa,402.19463405639584,walleye pollock,gadid,18,990
21740,total,hl,age,goa,99.24925439320964,walleye pollock,gadid,18,990
21740,total,hl,length,goa,430.8172623484544,walleye pollock,gadid,18,990
21740,total,hl_ln,age,goa,98.21928922626252,walleye pollock,gadid,18,990
21740,total,ln,age,goa,50904.51085960135,walleye pollock,gadid,18,990
21740,total,ln,length,goa,8019.253970225925,walleye pollock,gadid,18,990
21740,total,sp,age,goa,2611.949617315647,walleye pollock,gadid,18,990
30060,female,all,age,goa,136.43132248115154,Pacific ocean perch,rockfish,84,700
30060,female,all,length,goa,335.79616192466466,Pacific ocean perch,rockfish,84,700
30060,female,hl,age,goa,208.78812452904134,Pacific ocean perch,rockfish,84,700
30060,female,hl,length,goa,399.3856463544619,Pacific ocean perch,rockfish,84,700
30060,female,hl_ln,age,goa,205.36233308488718,Pacific ocean perch,rockfish,84,700
30060,female,ln,age,goa,18998.623846797513,Pacific ocean perch,rockfish,84,700
30060,female,ln,length,goa,2337.7498228161817,Pacific ocean perch,rockfish,84,700
30060,female,sp,age,goa,504.9507866135423,Pacific ocean perch,rockfish,84,700
30060,male,all,age,goa,140.7108896568151,Pacific ocean perch,rockfish,88,790
30060,male,all,length,goa,336.9986092038991,Pacific ocean perch,rockfish,88,790
30060,male,hl,age,goa,217.4268098872149,Pacific ocean perch,rockfish,88,790
30060,male,hl,length,goa,390.70497877429665,Pacific ocean perch,rockfish,88,790
30060,male,hl_ln,age,goa,214.1356251536766,Pacific ocean perch,rockfish,88,790
30060,male,ln,age,goa,23256.194765896355,Pacific ocean perch,rockfish,88,790
30060,male,ln,length,goa,2654.2765234024055,Pacific ocean perch,rockfish,88,790
30060,male,sp,age,goa,489.1310986355047,Pacific ocean perch,rockfish,88,790
30060,total,all,age,goa,222.41913695082636,Pacific ocean perch,rockfish,88,790
30060,total,all,length,goa,436.05222177892296,Pacific ocean perch,rockfish,88,790
30060,total,hl,age,goa,311.47591845879117,Pacific ocean perch,rockfish,88,790
30060,total,hl,length,goa,483.0946258413946,Pacific ocean perch,rockfish,88,790
30060,total,hl_ln,age,goa,309.6576137530119,Pacific ocean perch,rockfish,88,790
30060,total,ln,age,goa,50110.02499695464,Pacific ocean perch,rockfish,88,790
30060,total,ln,length,goa,5152.90238057352,Pacific ocean perch,rockfish,88,790
30060,total,sp,age,goa,998.5316428260804,Pacific ocean perch,rockfish,88,790
30420,female,all,age,goa,69.7770306480048,northern rockfish,rockfish,72,500
30420,female,all,length,goa,113.11277182634765,northern rockfish,rockfish,72,500
30420,female,hl,age,goa,120.22633890338801,northern rockfish,rockfish,72,500
30420,female,hl,length,goa,152.18655898233948,northern rockfish,rockfish,72,500
30420,female,hl_ln,age,goa,115.1513436267106,northern rockfish,rockfish,72,500
30420,female,ln,age,goa,5498.526179011638,northern rockfish,rockfish,72,500
30420,female,ln,length,goa,540.6466382362665,northern rockfish,rockfish,72,500
30420,female,sp,age,goa,203.41412200042862,northern rockfish,rockfish,72,500
30420,male,all,age,goa,64.11266659198618,northern rockfish,rockfish,60,490
30420,male,all,length,goa,146.19644748061665,northern rockfish,rockfish,60,490
30420,male,hl,age,goa,113.04174640717838,northern rockfish,rockfish,60,490
30420,male,hl,length,goa,211.55911957702955,northern rockfish,rockfish,60,490
30420,male,hl_ln,age,goa,109.58355341929453,northern rockfish,rockfish,60,490
30420,male,ln,age,goa,5608.195698539539,northern rockfish,rockfish,60,490
30420,male,ln,length,goa,540.1584295033074,northern rockfish,rockfish,60,490
30420,male,sp,age,goa,175.70542156538775,northern rockfish,rockfish,60,490
30420,total,all,age,goa,123.40298210817247,northern rockfish,rockfish,72,500
30420,total,all,length,goa,207.5666668933395,northern rockfish,rockfish,72,500
30420,total,hl,age,goa,205.3914849115136,northern rockfish,rockfish,72,500
30420,total,hl,length,goa,268.96632284051873,northern rockfish,rockfish,72,500
30420,total,hl_ln,age,goa,199.55509127100456,northern rockfish,rockfish,72,500
30420,total,ln,age,goa,10548.215070079925,northern rockfish,rockfish,72,500
30420,total,ln,length,goa,1068.2744376752069,northern rockfish,rockfish,72,500
30420,total,sp,age,goa,368.13618931321435,northern rockfish,rockfish,72,500
10110,female,all,age,ai,108.86233827108238,arrowtooth flounder,flatfish,34,990
10110,female,all,length,ai,823.5067644839381,arrowtooth flounder,flatfish,34,990
10110,female,hl,age,ai,163.50859389253515,arrowtooth flounder,flatfish,34,990
10110,female,hl,length,ai,1241.7466019285507,arrowtooth flounder,flatfish,34,990
10110,female,hl_ln,age,ai,159.8279334714141,arrowtooth flounder,flatfish,34,990
10110,female,ln,age,ai,5889.696610835008,arrowtooth flounder,flatfish,34,990
10110,female,ln,length,ai,2693.2007854817352,arrowtooth flounder,flatfish,34,990
10110,female,sp,age,ai,322.762171895701,arrowtooth flounder,flatfish,34,990
10110,male,all,age,ai,56.51171358051481,arrowtooth flounder,flatfish,37,870
10110,male,all,length,ai,420.3032593374658,arrowtooth flounder,flatfish,37,870
10110,male,hl,age,ai,82.28507905597148,arrowtooth flounder,flatfish,37,870
10110,male,hl,length,ai,617.6132970145363,arrowtooth flounder,flatfish,37,870
10110,male,hl_ln,age,ai,77.63186011448079,arrowtooth flounder,flatfish,37,870
10110,male,ln,age,ai,3970.230069715458,arrowtooth flounder,flatfish,37,870
10110,male,ln,length,ai,1609.4890919206607,arrowtooth flounder,flatfish,37,870
10110,male,sp,age,ai,200.69710044533548,arrowtooth flounder,flatfish,37,870
10110,total,all,age,ai,131.54438670110963,arrowtooth flounder,flatfish,37,990
10110,total,all,length,ai,962.3915967217307,arrowtooth flounder,flatfish,37,990
10110,total,hl,age,ai,180.14081229259537,arrowtooth flounder,flatfish,37,990
10110,total,hl,length,ai,1292.3441519350245,arrowtooth flounder,flatfish,37,990
10110,total,hl_ln,age,ai,177.33064927328618,arrowtooth flounder,flatfish,37,990
10110,total,ln,age,ai,10338.704612561774,arrowtooth flounder,flatfish,37,990
10110,total,ln,length,ai,4356.926848853336,arrowtooth flounder,flatfish,37,990
10110,total,sp,age,ai,493.199877470511,arrowtooth flounder,flatfish,37,990
10112,female,all,age,ai,78.05432365593911,Kamchatka flounder,flatfish,48,950
10112,female,all,length,ai,232.37842879025771,Kamchatka flounder,flatfish,48,950
10112,female,hl,age,ai,116.9651714265098,Kamchatka flounder,flatfish,48,950
10112,female,hl,length,ai,387.2803813028782,Kamchatka flounder,flatfish,48,950
10112,female,hl_ln,age,ai,103.50735142061647,Kamchatka flounder,flatfish,48,950
10112,female,ln,age,ai,1468.2092956872912,Kamchatka flounder,flatfish,48,950
10112,female,ln,length,ai,681.5369943813267,Kamchatka flounder,flatfish,48,950
10112,female,sp,age,ai,328.1817439651872,Kamchatka flounder,flatfish,48,950
10112,male,all,age,ai,63.78095363098753,Kamchatka flounder,flatfish,58,840
10112,male,all,length,ai,209.26456286512905,Kamchatka flounder,flatfish,58,840
10112,male,hl,age,ai,86.85017282417893,Kamchatka flounder,flatfish,58,840
10112,male,hl,length,ai,285.74817903701256,Kamchatka flounder,flatfish,58,840
10112,male,hl_ln,age,ai,81.99886208897156,Kamchatka flounder,flatfish,58,840
10112,male,ln,age,ai,2221.2375141509624,Kamchatka flounder,flatfish,58,840
10112,male,ln,length,ai,962.6459424135622,Kamchatka flounder,flatfish,58,840
10112,male,sp,age,ai,298.3916290411247,Kamchatka flounder,flatfish,58,840
10112,total,all,age,ai,103.71528658612915,Kamchatka flounder,flatfish,58,950
10112,total,all,length,ai,330.7136775094371,Kamchatka flounder,flatfish,58,950
10112,total,hl,age,ai,134.67265699107006,Kamchatka flounder,flatfish,58,950
10112,total,hl,length,ai,443.05265918692453,Kamchatka flounder,flatfish,58,950
10112,total,hl_ln,age,ai,127.67472095409596,Kamchatka flounder,flatfish,58,950
10112,total,ln,age,ai,3901.846589964847,Kamchatka flounder,flatfish,58,950
10112,total,ln,length,ai,1621.6578367786994,Kamchatka flounder,flatfish,58,950
10112,total,sp,age,ai,559.0542741297714,Kamchatka flounder,flatfish,58,950
21720,female,all,age,ai,90.02425340966454,Pacific cod,gadid,13,1160
21720,female,all,length,ai,472.8145919833982,Pacific cod,gadid,13,1160
21720,female,hl,age,ai,125.07037736459365,Pacific cod,gadid,13,1160
21720,female,hl,length,ai,784.4542953090221,Pacific cod,gadid,13,1160
21720,female,hl_ln,age,ai,117.76593393922458,Pacific cod,gadid,13,1160
21720,female,ln,age,ai,3236.1393222752,Pacific cod,gadid,13,1160
21720,female,ln,length,ai,1430.2781643444287,Pacific cod,gadid,13,1160
21720,female,sp,age,ai,535.1611449730857,Pacific cod,gadid,13,1160
21720,male,all,age,ai,90.54047452674241,Pacific cod,gadid,13,1130
21720,male,all,length,ai,496.87998287188816,Pacific cod,gadid,13,1130
21720,male,hl,age,ai,121.06212968210504,Pacific cod,gadid,13,1130
21720,male,hl,length,ai,793.9443185183304,Pacific cod,gadid,13,1130
21720,male,hl_ln,age,ai,116.92618290643729,Pacific cod,gadid,13,1130
21720,male,ln,age,ai,3730.7379944227305,Pacific cod,gadid,13,1130
21720,male,ln,length,ai,1584.5494094259218,Pacific cod,gadid,13,1130
21720,male,sp,age,ai,573.724097019936,Pacific cod,gadid,13,1130
21720,total,all,age,ai,127.45875079581829,Pacific cod,gadid,13,1160
21720,total,all,length,ai,762.2046157385313,Pacific cod,gadid,13,1160
21720,total,hl,age,ai,160.23493043655665,Pacific cod,gadid,13,1160
21720,total,hl,length,ai,1106.7171264856947,Pacific cod,gadid,13,1160
21720,total,hl_ln,age,ai,154.3076340206046,Pacific cod,gadid,13,1160
21720,total,ln,age,ai,9183.994751906363,Pacific cod,gadid,13,1160
21720,total,ln,length,ai,3057.937848649701,Pacific cod,gadid,13,1160
21720,total,sp,age,ai,1063.5559362298638,Pacific cod,gadid,13,1160
21740,female,all,age,ai,71.40267569281828,walleye pollock,gadid,22,930
21740,female,all,length,ai,257.53560666361415,walleye pollock,gadid,22,930
21740,female,hl,age,ai,97.63068490003639,walleye pollock,gadid,22,930
21740,female,hl,length,ai,329.4099624857833,walleye pollock,gadid,22,930
21740,female,hl_ln,age,ai,94.19632332400897,walleye pollock,gadid,22,930
21740,female,ln,age,ai,6868.519100310495,walleye pollock,gadid,22,930
21740,female,ln,length,ai,1551.9001261625879,walleye pollock,gadid,22,930
21740,female,sp,age,ai,485.6101389247736,walleye pollock,gadid,22,930
21740,male,all,age,ai,54.69100939242943,walleye pollock,gadid,23,780
21740,male,all,length,ai,192.68157437054535,walleye pollock,gadid,23,780
21740,male,hl,age,ai,75.22487842207097,walleye pollock,gadid,23,780
21740,male,hl,length,ai,249.2306332024338,walleye pollock,gadid,23,780
21740,male,hl_ln,age,ai,72.49605452852623,walleye pollock,gadid,23,780
21740,male,ln,age,ai,5661.806733101464,walleye pollock,gadid,23,780
21740,male,ln,length,ai,1275.0218649492178,walleye pollock,gadid,23,780
21740,male,sp,age,ai,372.4118108505011,walleye pollock,gadid,23,780
21740,total,all,age,ai,84.86927486840717,walleye pollock,gadid,23,930
21740,total,all,length,ai,289.54442371412915,walleye pollock,gadid,23,930
21740,total,hl,age,ai,107.21444875662296,walleye pollock,gadid,23,930
21740,total,hl,length,ai,342.03565418267357,walleye pollock,gadid,23,930
21740,total,hl_ln,age,ai,104.58772803536324,walleye pollock,gadid,23,930
21740,total,ln,age,ai,22689.639331844253,walleye pollock,gadid,23,930
21740,total,ln,length,ai,2948.9381860098956,walleye pollock,gadid,23,930
21740,total,sp,age,ai,824.5015865009973,walleye pollock,gadid,23,930
21921,female,all,age,ai,55.41816527968934,Atka mackerel,other,16,580
21921,female,all,length,ai,176.51358643564356,Atka mackerel,other,16,580
21921,female,hl,age,ai,76.48942616084081,Atka mackerel,other,16,580
21921,female,hl,length,ai,209.7021516434428,Atka mackerel,other,16,580
21921,female,hl_ln,age,ai,73.73438644420247,Atka mackerel,other,16,580
21921,female,ln,age,ai,5479.573228375574,Atka mackerel,other,16,580
21921,female,ln,length,ai,1283.044886857334,Atka mackerel,other,16,580
21921,female,sp,age,ai,309.6806129919716,Atka mackerel,other,16,580
21921,male,all,age,ai,54.80610800846228,Atka mackerel,other,17,690
21921,male,all,length,ai,169.35999590268597,Atka mackerel,other,17,690
21921,male,hl,age,ai,74.65601290476671,Atka mackerel,other,17,690
21921,male,hl,length,ai,204.48333812110087,Atka mackerel,other,17,690
21921,male,hl_ln,age,ai,70.08908859921031,Atka mackerel,other,17,690
21921,male,ln,age,ai,4942.549259755438,Atka mackerel,other,17,690
21921,male,ln,length,ai,1125.7209123734415,Atka mackerel,other,17,690
21921,male,sp,age,ai,317.28785506478357,Atka mackerel,other,17,690
21921,total,all,age,ai,80.62864804022279,Atka mackerel,other,17,690
21921,total,all,length,ai,214.4618485906715,Atka mackerel,other,17,690
21921,total,hl,age,ai,101.52732054404203,Atka mackerel,other,17,690
21921,total,hl,length,ai,237.2257845431717,Atka mackerel,other,17,690
21921,total,hl_ln,age,ai,96.39233801845747,Atka mackerel,other,17,690
21921,total,ln,age,ai,13113.138978598567,Atka mackerel,other,17,690
21921,total,ln,length,ai,2507.952508361403,Atka mackerel,other,17,690
21921,total,sp,age,ai,630.8629569578462,Atka mackerel,other,17,690
30060,female,all,age,ai,127.07321482813366,Pacific ocean perch,rockfish,93,650
30060,female,all,length,ai,416.00465406890265,Pacific ocean perch,rockfish,93,650
30060,female,hl,age,ai,203.11367807541492,Pacific ocean perch,rockfish,93,650
30060,female,hl,length,ai,485.84940022150346,Pacific ocean perch,rockfish,93,650
30060,female,hl_ln,age,ai,200.59092878533122,Pacific ocean perch,rockfish,93,650
30060,female,ln,age,ai,27896.328649697305,Pacific ocean perch,rockfish,93,650
30060,female,ln,length,ai,3041.830559383272,Pacific ocean perch,rockfish,93,650
30060,female,sp,age,ai,408.6148536185793,Pacific ocean perch,rockfish,93,650
30060,male,all,age,ai,125.48396690406655,Pacific ocean perch,rockfish,104,600
30060,male,all,length,ai,527.2218238704697,Pacific ocean perch,rockfish,104,600
30060,male,hl,age,ai,203.8391921928077,Pacific ocean perch,rockfish,104,600
30060,male,hl,length,ai,629.2712976213268,Pacific ocean perch,rockfish,104,600
30060,male,hl_ln,age,ai,202.21097304892226,Pacific ocean perch,rockfish,104,600
30060,male,ln,age,ai,47198.44780006851,Pacific ocean perch,rockfish,104,600
30060,male,ln,length,ai,4163.189199196617,Pacific ocean perch,rockfish,104,600
30060,male,sp,age,ai,370.0734909673128,Pacific ocean perch,rockfish,104,600
30060,total,all,age,ai,221.64458643809624,Pacific ocean perch,rockfish,104,650
30060,total,all,length,ai,692.4729039228883,Pacific ocean perch,rockfish,104,650
30060,total,hl,age,ai,337.8061807527611,Pacific ocean perch,rockfish,104,650
30060,total,hl,length,ai,787.3515121111905,Pacific ocean perch,rockfish,104,650
30060,total,hl_ln,age,ai,335.24803566757276,Pacific ocean perch,rockfish,104,650
30060,total,ln,age,ai,79242.37191449878,Pacific ocean perch,rockfish,104,650
30060,total,ln,length,ai,7237.330876848351,Pacific ocean perch,rockfish,104,650
30060,total,sp,age,ai,763.2845485527317,Pacific ocean perch,rockfish,104,650
30420,female,all,age,ai,82.74692608030688,northern rockfish,rockfish,75,510
30420,female,all,length,ai,202.00742532075205,northern rockfish,rockfish,75,510
30420,female,hl,age,ai,136.7255006931976,northern rockfish,rockfish,75,510
30420,female,hl,length,ai,230.74116144886239,northern rockfish,rockfish,75,510
30420,female,hl_ln,age,ai,136.13821615642718,northern rockfish,rockfish,75,510
30420,female,ln,age,ai,18586.628209338774,northern rockfish,rockfish,75,510
30420,female,ln,length,ai,1653.7145799349742,northern rockfish,rockfish,75,510
30420,female,sp,age,ai,241.93842148680565,northern rockfish,rockfish,75,510
30420,male,all,age,ai,64.4690983741267,northern rockfish,rockfish,74,760
30420,male,all,length,ai,173.84935336707244,northern rockfish,rockfish,74,760
30420,male,hl,age,ai,107.92205222274875,northern rockfish,rockfish,74,760
30420,male,hl,length,ai,215.85509580912574,northern rockfish,rockfish,74,760
30420,male,hl_ln,age,ai,106.21082581537581,northern rockfish,rockfish,74,760
30420,male,ln,age,ai,9235.590029057714,northern rockfish,rockfish,74,760
30420,male,ln,length,ai,1028.7524763761876,northern rockfish,rockfish,74,760
30420,male,sp,age,ai,192.49631572360806,northern rockfish,rockfish,74,760
30420,total,all,age,ai,133.28703181782822,northern rockfish,rockfish,75,760
30420,total,all,length,ai,248.33892011838017,northern rockfish,rockfish,75,760
30420,total,hl,age,ai,209.3909160549813,northern rockfish,rockfish,75,760
30420,total,hl,length,ai,274.2830916453645,northern rockfish,rockfish,75,760
30420,total,hl_ln,age,ai,208.87307690791238,northern rockfish,rockfish,75,760
30420,total,ln,age,ai,27478.287312485103,northern rockfish,rockfish,75,760
30420,total,ln,length,ai,2725.4695725553934,northern rockfish,rockfish,75,760
30420,total,sp,age,ai,424.5775229611322,northern rockfish,rockfish,75,760
10110,female,all,age,bs,155.23339150066835,arrowtooth flounder,flatfish,27,980
10110,female,all,length,bs,1412.7723516328747,arrowtooth flounder,flatfish,27,980
10110,female,hl,age,bs,248.30384628533454,arrowtooth flounder,flatfish,27,980
10110,female,hl,length,bs,2198.952012866528,arrowtooth flounder,flatfish,27,980
10110,female,hl_ln,age,bs,239.97596781970145,arrowtooth flounder,flatfish,27,980
10110,female,ln,age,bs,11062.63873979989,arrowtooth flounder,flatfish,27,980
10110,female,ln,length,bs,4110.27209380407,arrowtooth flounder,flatfish,27,980
10110,female,sp,age,bs,480.8880103633973,arrowtooth flounder,flatfish,27,980
10110,male,all,age,bs,79.4696904854044,arrowtooth flounder,flatfish,30,820
10110,male,all,length,bs,664.1462864035386,arrowtooth flounder,flatfish,30,820
10110,male,hl,age,bs,125.9609314864167,arrowtooth flounder,flatfish,30,820
10110,male,hl,length,bs,1107.8415198424605,arrowtooth flounder,flatfish,30,820
10110,male,hl_ln,age,bs,118.96258295871725,arrowtooth flounder,flatfish,30,820
10110,male,ln,age,bs,3497.7120839286204,arrowtooth flounder,flatfish,30,820
10110,male,ln,length,bs,1718.4243327947163,arrowtooth flounder,flatfish,30,820
10110,male,sp,age,bs,201.98098557543165,arrowtooth flounder,flatfish,30,820
10110,total,all,age,bs,192.87314557030035,arrowtooth flounder,flatfish,30,980
10110,total,all,length,bs,1791.2944488968647,arrowtooth flounder,flatfish,30,980
10110,total,hl,age,bs,307.18249252273864,arrowtooth flounder,flatfish,30,980
10110,total,hl,length,bs,2625.2071371975717,arrowtooth flounder,flatfish,30,980
10110,total,hl_ln,age,bs,294.0286028116478,arrowtooth flounder,flatfish,30,980
10110,total,ln,age,bs,15018.218091872663,arrowtooth flounder,flatfish,30,980
10110,total,ln,length,bs,5892.1239056937975,arrowtooth flounder,flatfish,30,980
10110,total,sp,age,bs,648.4826667295617,arrowtooth flounder,flatfish,30,980
10112,female,all,age,bs,111.19057009937005,Kamchatka flounder,flatfish,35,840
10112,female,all,length,bs,266.2716612814075,Kamchatka flounder,flatfish,35,840
10112,female,hl,age,bs,186.97986194079576,Kamchatka flounder,flatfish,35,840
10112,female,hl,length,bs,Inf,Kamchatka flounder,flatfish,35,840
10112,female,hl_ln,age,bs,171.33676295687005,Kamchatka flounder,flatfish,35,840
10112,female,ln,age,bs,2824.1601716946266,Kamchatka flounder,flatfish,35,840
10112,female,ln,length,bs,692.4227844162847,Kamchatka flounder,flatfish,35,840
10112,female,sp,age,bs,329.64196688670125,Kamchatka flounder,flatfish,35,840
10112,male,all,age,bs,89.69808993217175,Kamchatka flounder,flatfish,31,960
10112,male,all,length,bs,257.2715629386521,Kamchatka flounder,flatfish,31,960
10112,male,hl,age,bs,157.53314392274538,Kamchatka flounder,flatfish,31,960
10112,male,hl,length,bs,Inf,Kamchatka flounder,flatfish,31,960
10112,male,hl_ln,age,bs,146.56830433676564,Kamchatka flounder,flatfish,31,960
10112,male,ln,age,bs,2725.4604818955295,Kamchatka flounder,flatfish,31,960
10112,male,ln,length,bs,704.2183720505332,Kamchatka flounder,flatfish,31,960
10112,male,sp,age,bs,282.4675656949579,Kamchatka flounder,flatfish,31,960
10112,total,all,age,bs,183.50489404061423,Kamchatka flounder,flatfish,35,960
10112,total,all,length,bs,456.7561322901644,Kamchatka flounder,flatfish,35,960
10112,total,hl,age,bs,299.44304565030455,Kamchatka flounder,flatfish,35,960
10112,total,hl,length,bs,Inf,Kamchatka flounder,flatfish,35,960
10112,total,hl_ln,age,bs,279.91449706833805,Kamchatka flounder,flatfish,35,960
10112,total,ln,age,bs,6223.276950274079,Kamchatka flounder,flatfish,35,960
10112,total,ln,length,bs,1392.0413962872442,Kamchatka flounder,flatfish,35,960
10112,total,sp,age,bs,600.9538577144372,Kamchatka flounder,flatfish,35,960
10115,female,all,age,bs,50.8407182542294,Greenland turbot,flatfish,37,1090
10115,female,all,length,bs,117.5299281791246,Greenland turbot,flatfish,37,1090
10115,female,hl,age,bs,92.38767961985917,Greenland turbot,flatfish,37,1090
10115,female,hl,length,bs,206.33540625189798,Greenland turbot,flatfish,37,1090
10115,female,hl_ln,age,bs,75.8298387656628,Greenland turbot,flatfish,37,1090
10115,female,ln,age,bs,687.5125727710654,Greenland turbot,flatfish,37,1090
10115,female,ln,length,bs,293.03412394773284,Greenland turbot,flatfish,37,1090
10115,female,sp,age,bs,191.0572327747071,Greenland turbot,flatfish,37,1090
10115,male,all,age,bs,47.74382272379707,Greenland turbot,flatfish,36,1000
10115,male,all,length,bs,112.14220033481017,Greenland turbot,flatfish,36,1000
10115,male,hl,age,bs,82.45225570125314,Greenland turbot,flatfish,36,1000
10115,male,hl,length,bs,193.20593836794154,Greenland turbot,flatfish,36,1000
10115,male,hl_ln,age,bs,69.61600965845052,Greenland turbot,flatfish,36,1000
10115,male,ln,age,bs,745.5338332175014,Greenland turbot,flatfish,36,1000
10115,male,ln,length,bs,290.3257910469768,Greenland turbot,flatfish,36,1000
10115,male,sp,age,bs,194.47810181188214,Greenland turbot,flatfish,36,1000
10115,total,all,age,bs,101.08440659711158,Greenland turbot,flatfish,37,1090
10115,total,all,length,bs,240.54656883652495,Greenland turbot,flatfish,37,1090
10115,total,hl,age,bs,164.4685475677513,Greenland turbot,flatfish,37,1090
10115,total,hl,length,bs,398.205296314168,Greenland turbot,flatfish,37,1090
10115,total,hl_ln,age,bs,141.97600894245758,Greenland turbot,flatfish,37,1090
10115,total,ln,age,bs,1625.267208895451,Greenland turbot,flatfish,37,1090
10115,total,ln,length,bs,668.2405197556725,Greenland turbot,flatfish,37,1090
10115,total,sp,age,bs,522.2419260809995,Greenland turbot,flatfish,37,1090
10130,female,all,age,bs,114.26664658557493,flathead sole,flatfish,34,650
10130,female,all,length,bs,1229.408641501073,flathead sole,flatfish,34,650
10130,female,hl,age,bs,187.9412986950443,flathead sole,flatfish,34,650
10130,female,hl,length,bs,1773.5751644724664,flathead sole,flatfish,34,650
10130,female,hl_ln,age,bs,185.79356896242157,flathead sole,flatfish,34,650
10130,female,ln,age,bs,16903.501887215196,flathead sole,flatfish,34,650
10130,female,ln,length,bs,4147.435176847926,flathead sole,flatfish,34,650
10130,female,sp,age,bs,318.93294346106455,flathead sole,flatfish,34,650
10130,male,all,age,bs,98.41063187355891,flathead sole,flatfish,34,630
10130,male,all,length,bs,1068.7232578484322,flathead sole,flatfish,34,630
10130,male,hl,age,bs,161.93686338752195,flathead sole,flatfish,34,630
10130,male,hl,length,bs,1471.8662261929317,flathead sole,flatfish,34,630
10130,male,hl_ln,age,bs,161.32840011023904,flathead sole,flatfish,34,630
10130,male,ln,age,bs,17482.201599271186,flathead sole,flatfish,34,630
10130,male,ln,length,bs,4118.608397397054,flathead sole,flatfish,34,630
10130,male,sp,age,bs,270.43073922139706,flathead sole,flatfish,34,630
10130,total,all,age,bs,187.42371641921366,flathead sole,flatfish,34,650
10130,total,all,length,bs,1777.4405938387904,flathead sole,flatfish,34,650
10130,total,hl,age,bs,287.73043450163306,flathead sole,flatfish,34,650
10130,total,hl,length,bs,2271.31095815889,flathead sole,flatfish,34,650
10130,total,hl_ln,age,bs,285.8449435652566,flathead sole,flatfish,34,650
10130,total,ln,age,bs,36455.75675574691,flathead sole,flatfish,34,650
10130,total,ln,length,bs,8590.821203188456,flathead sole,flatfish,34,650
10130,total,sp,age,bs,585.421462870573,flathead sole,flatfish,34,650
10210,female,all,age,bs,153.84928951048374,yellowfin sole,flatfish,38,700
10210,female,all,length,bs,1840.3033884633853,yellowfin sole,flatfish,38,700
10210,female,hl,age,bs,265.35888590447985,yellowfin sole,flatfish,38,700
10210,female,hl,length,bs,2492.5711176275004,yellowfin sole,flatfish,38,700
10210,female,hl_ln,age,bs,261.8412650639343,yellowfin sole,flatfish,38,700
10210,female,ln,age,bs,37167.815074659746,yellowfin sole,flatfish,38,700
10210,female,ln,length,bs,7349.89350894095,yellowfin sole,flatfish,38,700
10210,female,sp,age,bs,402.938372201253,yellowfin sole,flatfish,38,700
10210,male,all,age,bs,118.75164240533955,yellowfin sole,flatfish,43,470
10210,male,all,length,bs,1225.745635273858,yellowfin sole,flatfish,43,470
10210,male,hl,age,bs,205.92599103787683,yellowfin sole,flatfish,43,470
10210,male,hl,length,bs,1630.5423203434602,yellowfin sole,flatfish,43,470
10210,male,hl_ln,age,bs,205.17810320667317,yellowfin sole,flatfish,43,470
10210,male,ln,age,bs,26581.841410448767,yellowfin sole,flatfish,43,470
10210,male,ln,length,bs,5212.764458202815,yellowfin sole,flatfish,43,470
10210,male,sp,age,bs,314.6495518038016,yellowfin sole,flatfish,43,470
10210,total,all,age,bs,242.1319870134325,yellowfin sole,flatfish,43,700
10210,total,all,length,bs,2128.9044917976325,yellowfin sole,flatfish,43,700
10210,total,hl,age,bs,389.1730277365068,yellowfin sole,flatfish,43,700
10210,total,hl,length,bs,2625.145697978163,yellowfin sole,flatfish,43,700
10210,total,hl_ln,age,bs,385.3707808521848,yellowfin sole,flatfish,43,700
10210,total,ln,age,bs,67671.57252055305,yellowfin sole,flatfish,43,700
10210,total,ln,length,bs,12309.777460460064,yellowfin sole,flatfish,43,700
10210,total,sp,age,bs,716.9430549531525,yellowfin sole,flatfish,43,700
10261,female,all,age,bs,99.73507527746304,northern rock sole,flatfish,37,600
10261,female,all,length,bs,1381.4637299208332,northern rock sole,flatfish,37,600
10261,female,hl,age,bs,175.58491523316314,northern rock sole,flatfish,37,600
10261,female,hl,length,bs,1895.8152600778872,northern rock sole,flatfish,37,600
10261,female,hl_ln,age,bs,173.8554419930824,northern rock sole,flatfish,37,600
10261,female,ln,age,bs,19741.22661683841,northern rock sole,flatfish,37,600
10261,female,ln,length,bs,5686.715565966651,northern rock sole,flatfish,37,600
10261,female,sp,age,bs,263.9627343769451,northern rock sole,flatfish,37,600
10261,male,all,age,bs,71.4970254007067,northern rock sole,flatfish,31,560
10261,male,all,length,bs,1330.0528379141024,northern rock sole,flatfish,31,560
10261,male,hl,age,bs,127.41787192107503,northern rock sole,flatfish,31,560
10261,male,hl,length,bs,1734.8072420080866,northern rock sole,flatfish,31,560
10261,male,hl_ln,age,bs,126.30414900880346,northern rock sole,flatfish,31,560
10261,male,ln,age,bs,19739.314770924582,northern rock sole,flatfish,31,560
10261,male,ln,length,bs,6098.298526956254,northern rock sole,flatfish,31,560
10261,male,sp,age,bs,190.59300835056771,northern rock sole,flatfish,31,560
10261,total,all,age,bs,153.81201557080647,northern rock sole,flatfish,37,600
10261,total,all,length,bs,1945.302123629195,northern rock sole,flatfish,37,600
10261,total,hl,age,bs,253.83883736162235,northern rock sole,flatfish,37,600
10261,total,hl,length,bs,2364.1614452718986,northern rock sole,flatfish,37,600
10261,total,hl_ln,age,bs,252.4702577838482,northern rock sole,flatfish,37,600
10261,total,ln,age,bs,42409.928107081156,northern rock sole,flatfish,37,600
10261,total,ln,length,bs,12431.693703431798,northern rock sole,flatfish,37,600
10261,total,sp,age,bs,456.38629930228535,northern rock sole,flatfish,37,600
10285,female,all,age,bs,91.72394891450433,Alaska plaice,flatfish,38,720
10285,female,all,length,bs,1048.145545907089,Alaska plaice,flatfish,38,720
10285,female,hl,age,bs,159.56193350205058,Alaska plaice,flatfish,38,720
10285,female,hl,length,bs,1654.2532611995007,Alaska plaice,flatfish,38,720
10285,female,hl_ln,age,bs,156.24864822123376,Alaska plaice,flatfish,38,720
10285,female,ln,age,bs,15405.759666232347,Alaska plaice,flatfish,38,720
10285,female,ln,length,bs,3009.688231674999,Alaska plaice,flatfish,38,720
10285,female,sp,age,bs,227.9143323200268,Alaska plaice,flatfish,38,720
10285,male,all,age,bs,49.9490608121427,Alaska plaice,flatfish,36,660
10285,male,all,length,bs,984.1361477985787,Alaska plaice,flatfish,36,660
10285,male,hl,age,bs,92.15180232776727,Alaska plaice,flatfish,36,660
10285,male,hl,length,bs,1489.3119777102752,Alaska plaice,flatfish,36,660
10285,male,hl_ln,age,bs,93.83924288885842,Alaska plaice,flatfish,36,660
10285,male,ln,age,bs,16904.926171627638,Alaska plaice,flatfish,36,660
10285,male,ln,length,bs,3123.064935164798,Alaska plaice,flatfish,36,660
10285,male,sp,age,bs,125.77407381494218,Alaska plaice,flatfish,36,660
10285,total,all,age,bs,123.9497862759758,Alaska plaice,flatfish,38,720
10285,total,all,length,bs,1634.7322598482956,Alaska plaice,flatfish,38,720
10285,total,hl,age,bs,216.03010647681717,Alaska plaice,flatfish,38,720
10285,total,hl,length,bs,2288.10674554576,Alaska plaice,flatfish,38,720
10285,total,hl_ln,age,bs,212.30844529341505,Alaska plaice,flatfish,38,720
10285,total,ln,age,bs,33087.13632937129,Alaska plaice,flatfish,38,720
10285,total,ln,length,bs,6180.0418003603645,Alaska plaice,flatfish,38,720
10285,total,sp,age,bs,322.13936602006663,Alaska plaice,flatfish,38,720
21720,female,all,age,bs,180.2379986765649,Pacific cod,gadid,18,1170
21720,female,all,length,bs,1125.2274234154027,Pacific cod,gadid,18,1170
21720,female,hl,age,bs,255.11680832555703,Pacific cod,gadid,18,1170
21720,female,hl,length,bs,1697.6598195550116,Pacific cod,gadid,18,1170
21720,female,hl_ln,age,bs,240.5750619192031,Pacific cod,gadid,18,1170
21720,female,ln,age,bs,6791.514742780544,Pacific cod,gadid,18,1170
21720,female,ln,length,bs,3688.267444532716,Pacific cod,gadid,18,1170
21720,female,sp,age,bs,1183.5236841843687,Pacific cod,gadid,18,1170
21720,male,all,age,bs,187.70182308925035,Pacific cod,gadid,17,1080
21720,male,all,length,bs,1140.2772458373327,Pacific cod,gadid,17,1080
21720,male,hl,age,bs,265.61824552768064,Pacific cod,gadid,17,1080
21720,male,hl,length,bs,1720.7316972152767,Pacific cod,gadid,17,1080
21720,male,hl_ln,age,bs,251.07650899074292,Pacific cod,gadid,17,1080
21720,male,ln,age,bs,6890.136501767863,Pacific cod,gadid,17,1080
21720,male,ln,length,bs,3839.2316043166234,Pacific cod,gadid,17,1080
21720,male,sp,age,bs,1248.3365164777001,Pacific cod,gadid,17,1080
21720,total,all,age,bs,232.00657931832146,Pacific cod,gadid,18,1170
21720,total,all,length,bs,1675.5981023970278,Pacific cod,gadid,18,1170
21720,total,hl,age,bs,306.672201678338,Pacific cod,gadid,18,1170
21720,total,hl,length,bs,2268.061355716861,Pacific cod,gadid,18,1170
21720,total,hl_ln,age,bs,293.9072489412717,Pacific cod,gadid,18,1170
21720,total,ln,age,bs,19172.143725848884,Pacific cod,gadid,18,1170
21720,total,ln,length,bs,8043.324301457496,Pacific cod,gadid,18,1170
21720,total,sp,age,bs,2686.142973695984,Pacific cod,gadid,18,1170
21740,female,all,age,bs,189.98908310028588,walleye pollock,gadid,26,930
21740,female,all,length,bs,1383.5945407032777,walleye pollock,gadid,26,930
21740,female,hl,age,bs,291.1706449974046,walleye pollock,gadid,26,930
21740,female,hl,length,bs,1665.663182472387,walleye pollock,gadid,26,930
21740,female,hl_ln,age,bs,287.6632193127706,walleye pollock,gadid,26,930
21740,female,ln,age,bs,43771.09379511461,walleye pollock,gadid,26,930
21740,female,ln,length,bs,9828.217255242647,walleye pollock,gadid,26,930
21740,female,sp,age,bs,659.8879921144305,walleye pollock,gadid,26,930
21740,male,all,age,bs,179.52589271321114,walleye pollock,gadid,29,940
21740,male,all,length,bs,1311.7321537763305,walleye pollock,gadid,29,940
21740,male,hl,age,bs,272.3598650646669,walleye pollock,gadid,29,940
21740,male,hl,length,bs,1548.3479553965944,walleye pollock,gadid,29,940
21740,male,hl_ln,age,bs,268.2505154544948,walleye pollock,gadid,29,940
21740,male,ln,age,bs,44863.54668701796,walleye pollock,gadid,29,940
21740,male,ln,length,bs,9917.345229403096,walleye pollock,gadid,29,940
21740,male,sp,age,bs,642.4293201835023,walleye pollock,gadid,29,940
21740,total,all,age,bs,268.9016482427754,walleye pollock,gadid,29,940
21740,total,all,length,bs,1612.6563539451531,walleye pollock,gadid,29,940
21740,total,hl,age,bs,350.28006601050527,walleye pollock,gadid,29,940
21740,total,hl,length,bs,1745.2778640903864,walleye pollock,gadid,29,940
21740,total,hl_ln,age,bs,347.3034898239792,walleye pollock,gadid,29,940
21740,total,ln,age,bs,124861.46082696908,walleye pollock,gadid,29,940
21740,total,ln,length,bs,25328.12751968206,walleye pollock,gadid,29,940
21740,total,sp,age,bs,1651.7331106108868,walleye pollock,gadid,29,940
